TimeMs,RunMode,TrackingState,SearchMode,Height_m,ErrX,ErrY,BoxRatio,CmdRoll,CmdPitch,CmdVert
167163,CONTROL,SEARCHING,ROI,19.400,-0.8198,-0.6000,0.0177,0.0000,0.0000,0.0000
167214,CONTROL,SEARCHING,ROI,19.400,-0.8198,-0.6000,0.0177,0.0000,0.0000,0.0000
167263,CONTROL,SEARCHING,ROI,19.400,-0.8198,-0.6000,0.0177,0.0000,0.0000,0.0000
167313,CONTROL,SEARCHING,ROI,19.400,-0.8198,-0.6000,0.0177,0.0000,0.0000,0.0000
167363,CONTROL,SEARCHING,ROI,19.400,-0.8198,-0.6000,0.0177,0.0000,0.0000,0.0000
167414,CONTROL,SEARCHING,ROI,19.400,-0.8198,-0.6000,0.0177,0.0000,0.0000,0.0000
167465,CONTROL,SEARCHING,ROI,19.400,-0.8198,-0.6000,0.0177,0.0000,0.0000,0.0000
167514,CONTROL,SEARCHING,ROI,19.400,-0.8198,-0.6000,0.0177,0.0000,0.0000,0.0000
167563,CONTROL,SEARCHING,ROI,19.400,-0.8198,-0.6000,0.0177,0.0000,0.0000,0.0000
167613,CONTROL,SEARCHING,ROI,19.400,-0.8198,-0.6000,0.0177,0.0000,0.0000,0.0000
167664,CONTROL,SEARCHING,ROI,19.400,-0.8198,-0.6000,0.0177,0.0000,0.0000,0.0000
167714,CONTROL,SEARCHING,ROI,19.400,-0.8188,-0.6037,0.0188,0.0000,0.0000,0.0000
167764,CONTROL,SEARCHING,ROI,19.400,-0.8188,-0.6037,0.0188,0.0000,0.0000,0.0000
167813,CONTROL,SEARCHING,ROI,19.400,-0.8188,-0.6037,0.0188,0.0000,0.0000,0.0000
167863,CONTROL,SEARCHING,ROI,19.400,-0.8188,-0.6037,0.0188,0.0000,0.0000,0.0000
167913,CONTROL,SEARCHING,ROI,19.400,-0.8188,-0.6037,0.0188,0.0000,0.0000,0.0000
167963,CONTROL,SEARCHING,ROI,19.400,-0.8188,-0.6037,0.0188,0.0000,0.0000,0.0000
168013,CONTROL,ALIGNING,ROI,19.400,-0.8208,-0.6037,0.0188,-0.0541,0.0398,0.0000
168063,CONTROL,ALIGNING,ROI,19.400,-0.8208,-0.6037,0.0188,-0.0541,0.0398,0.0000
168113,CONTROL,ALIGNING,ROI,19.400,-0.8208,-0.6037,0.0188,-0.0541,0.0398,0.0000
168163,CONTROL,ALIGNING,ROI,19.400,-0.8208,-0.6037,0.0188,-0.0541,0.0398,0.0000
168213,CONTROL,ALIGNING,ROI,19.400,-0.8208,-0.6037,0.0188,-0.0541,0.0398,0.0000
168263,CONTROL,ALIGNING,ROI,19.400,-0.8208,-0.6037,0.0188,-0.0541,0.0398,0.0000
168313,CONTROL,ALIGNING,ROI,19.400,-0.8208,-0.6037,0.0188,-0.0459,0.0338,0.0000
168363,CONTROL,ALIGNING,ROI,19.400,-0.8219,-0.6037,0.0177,-0.0563,0.0413,0.0000
168414,CONTROL,ALIGNING,ROI,19.400,-0.8219,-0.6037,0.0177,-0.0563,0.0413,0.0000
168463,CONTROL,ALIGNING,ROI,19.400,-0.8219,-0.6037,0.0177,-0.0563,0.0413,0.0000
168513,CONTROL,ALIGNING,ROI,19.400,-0.8219,-0.6037,0.0177,-0.0563,0.0413,0.0000
168563,CONTROL,ALIGNING,ROI,19.400,-0.8219,-0.6037,0.0177,-0.0563,0.0413,0.0000
168613,CONTROL,ALIGNING,ROI,19.400,-0.8198,-0.6037,0.0177,-0.0565,0.0419,0.0000
168663,CONTROL,ALIGNING,ROI,19.400,-0.8198,-0.6037,0.0177,-0.0565,0.0419,0.0000
168714,CONTROL,ALIGNING,ROI,19.400,-0.8198,-0.6037,0.0177,-0.0565,0.0419,0.0000
168764,CONTROL,ALIGNING,ROI,19.400,-0.8198,-0.6037,0.0177,-0.0565,0.0419,0.0000
168813,CONTROL,ALIGNING,ROI,19.400,-0.8198,-0.6037,0.0177,-0.0565,0.0419,0.0000
168863,CONTROL,ALIGNING,ROI,19.400,-0.8198,-0.6037,0.0177,-0.0480,0.0356,0.0000
168913,CONTROL,ALIGNING,ROI,19.400,-0.8000,-0.5704,0.0188,-0.0519,0.0335,0.0000
168963,CONTROL,ALIGNING,ROI,19.400,-0.8000,-0.5704,0.0188,-0.0519,0.0335,0.0000
169013,CONTROL,ALIGNING,ROI,19.400,-0.8000,-0.5704,0.0188,-0.0519,0.0335,0.0000
169063,CONTROL,ALIGNING,ROI,19.400,-0.8000,-0.5704,0.0188,-0.0519,0.0335,0.0000
169113,CONTROL,ALIGNING,ROI,19.400,-0.8000,-0.5704,0.0188,-0.0519,0.0335,0.0000
169164,CONTROL,ALIGNING,ROI,19.400,-0.8000,-0.5704,0.0188,-0.0441,0.0285,0.0000
169213,CONTROL,ALIGNING,ROI,19.400,-0.7594,-0.5148,0.0177,-0.0449,0.0243,0.0000
169263,CONTROL,ALIGNING,ROI,19.400,-0.7594,-0.5148,0.0177,-0.0449,0.0243,0.0000
169314,CONTROL,ALIGNING,ROI,19.400,-0.7594,-0.5148,0.0177,-0.0449,0.0243,0.0000
169363,CONTROL,ALIGNING,ROI,19.400,-0.7594,-0.5148,0.0177,-0.0449,0.0243,0.0000
169414,CONTROL,ALIGNING,ROI,19.400,-0.7594,-0.5148,0.0177,-0.0449,0.0243,0.0000
169463,CONTROL,ALIGNING,ROI,19.400,-0.7594,-0.5148,0.0177,-0.0381,0.0207,0.0000
169517,CONTROL,ALIGNING,ROI,19.400,-0.7125,-0.4519,0.0188,-0.0377,0.0150,0.0000
169563,CONTROL,ALIGNING,ROI,19.400,-0.7125,-0.4519,0.0188,-0.0377,0.0150,0.0000
169614,CONTROL,ALIGNING,ROI,19.400,-0.7125,-0.4519,0.0188,-0.0377,0.0150,0.0000
169663,CONTROL,ALIGNING,ROI,19.400,-0.7125,-0.4519,0.0188,-0.0377,0.0150,0.0000
169715,CONTROL,ALIGNING,ROI,19.400,-0.7125,-0.4519,0.0188,-0.0377,0.0150,0.0000
169764,CONTROL,ALIGNING,ROI,19.400,-0.6729,-0.4074,0.0188,-0.0350,0.0138,0.0000
169814,CONTROL,ALIGNING,ROI,19.400,-0.6729,-0.4074,0.0188,-0.0350,0.0138,0.0000
169863,CONTROL,ALIGNING,ROI,19.400,-0.6729,-0.4074,0.0188,-0.0350,0.0138,0.0000
169913,CONTROL,ALIGNING,ROI,19.400,-0.6729,-0.4074,0.0188,-0.0350,0.0138,0.0000
169964,CONTROL,ALIGNING,ROI,19.400,-0.6729,-0.4074,0.0188,-0.0350,0.0138,0.0000
170013,CONTROL,ALIGNING,ROI,19.400,-0.6729,-0.4074,0.0188,-0.0298,0.0117,0.0000
170063,CONTROL,ALIGNING,ROI,19.400,-0.6729,-0.4074,0.0188,-0.0253,0.0100,0.0000
170114,CONTROL,ALIGNING,ROI,19.400,-0.6385,-0.3741,0.0177,-0.0340,0.0147,0.0000
170164,CONTROL,ALIGNING,ROI,19.400,-0.6385,-0.3741,0.0177,-0.0340,0.0147,0.0000
170214,CONTROL,ALIGNING,ROI,19.400,-0.6385,-0.3741,0.0177,-0.0340,0.0147,0.0000
170264,CONTROL,ALIGNING,ROI,19.400,-0.6385,-0.3741,0.0177,-0.0340,0.0147,0.0000
170313,CONTROL,ALIGNING,ROI,19.400,-0.6385,-0.3741,0.0177,-0.0340,0.0147,0.0000
170363,CONTROL,ALIGNING,ROI,19.400,-0.6115,-0.3481,0.0177,-0.0336,0.0150,0.0000
170413,CONTROL,ALIGNING,ROI,19.400,-0.6115,-0.3481,0.0177,-0.0336,0.0150,0.0000
170463,CONTROL,ALIGNING,ROI,19.400,-0.6115,-0.3481,0.0177,-0.0336,0.0150,0.0000
170513,CONTROL,ALIGNING,ROI,19.400,-0.6115,-0.3481,0.0177,-0.0336,0.0150,0.0000
170563,CONTROL,ALIGNING,ROI,19.400,-0.6115,-0.3481,0.0177,-0.0336,0.0150,0.0000
170613,CONTROL,ALIGNING,ROI,19.400,-0.5885,-0.3352,0.0177,-0.0326,0.0170,0.0000
170664,CONTROL,ALIGNING,ROI,19.400,-0.5885,-0.3352,0.0177,-0.0326,0.0170,0.0000
170716,CONTROL,ALIGNING,ROI,19.400,-0.5885,-0.3352,0.0177,-0.0326,0.0170,0.0000
170763,CONTROL,ALIGNING,ROI,19.400,-0.5885,-0.3352,0.0177,-0.0326,0.0170,0.0000
170813,CONTROL,ALIGNING,ROI,19.400,-0.5885,-0.3352,0.0177,-0.0326,0.0170,0.0000
170863,CONTROL,ALIGNING,ROI,19.400,-0.5885,-0.3352,0.0177,-0.0277,0.0144,0.0000
170914,CONTROL,ALIGNING,ROI,19.400,-0.5719,-0.3259,0.0177,-0.0337,0.0186,0.0000
170964,CONTROL,ALIGNING,ROI,19.400,-0.5719,-0.3259,0.0177,-0.0337,0.0186,0.0000
171013,CONTROL,ALIGNING,ROI,19.400,-0.5719,-0.3259,0.0177,-0.0337,0.0186,0.0000
171063,CONTROL,ALIGNING,ROI,19.400,-0.5719,-0.3259,0.0177,-0.0337,0.0186,0.0000
171113,CONTROL,ALIGNING,ROI,19.400,-0.5719,-0.3259,0.0177,-0.0337,0.0186,0.0000
171163,CONTROL,ALIGNING,ROI,19.400,-0.5510,-0.3148,0.0177,-0.0317,0.0180,0.0000
171213,CONTROL,ALIGNING,ROI,19.400,-0.5510,-0.3148,0.0177,-0.0317,0.0180,0.0000
171264,CONTROL,ALIGNING,ROI,19.400,-0.5510,-0.3148,0.0177,-0.0317,0.0180,0.0000
171313,CONTROL,ALIGNING,ROI,19.400,-0.5510,-0.3148,0.0177,-0.0317,0.0180,0.0000
171363,CONTROL,ALIGNING,ROI,19.400,-0.5510,-0.3148,0.0177,-0.0317,0.0180,0.0000
171413,CONTROL,ALIGNING,ROI,19.400,-0.5365,-0.3000,0.0177,-0.0319,0.0164,0.0000
171463,CONTROL,ALIGNING,ROI,19.400,-0.5365,-0.3000,0.0177,-0.0319,0.0164,0.0000
171513,CONTROL,ALIGNING,ROI,19.400,-0.5365,-0.3000,0.0177,-0.0319,0.0164,0.0000
171565,CONTROL,ALIGNING,ROI,19.400,-0.5365,-0.3000,0.0177,-0.0319,0.0164,0.0000
171613,CONTROL,ALIGNING,ROI,19.400,-0.5365,-0.3000,0.0177,-0.0319,0.0164,0.0000
171663,CONTROL,ALIGNING,ROI,19.400,-0.5365,-0.3000,0.0177,-0.0271,0.0140,0.0000
171713,CONTROL,ALIGNING,ROI,19.400,-0.5188,-0.2852,0.0167,-0.0306,0.0152,0.0000
171763,CONTROL,ALIGNING,ROI,19.400,-0.5188,-0.2852,0.0167,-0.0306,0.0152,0.0000
171814,CONTROL,ALIGNING,ROI,19.400,-0.5188,-0.2852,0.0167,-0.0306,0.0152,0.0000
171863,CONTROL,ALIGNING,ROI,19.400,-0.5188,-0.2852,0.0167,-0.0306,0.0152,0.0000
171913,CONTROL,ALIGNING,ROI,19.400,-0.5188,-0.2852,0.0167,-0.0306,0.0152,0.0000
171964,CONTROL,ALIGNING,ROI,19.400,-0.5000,-0.2722,0.0188,-0.0293,0.0148,0.0000
172016,CONTROL,ALIGNING,ROI,19.400,-0.5000,-0.2722,0.0188,-0.0293,0.0148,0.0000
172064,CONTROL,ALIGNING,ROI,19.400,-0.5000,-0.2722,0.0188,-0.0293,0.0148,0.0000
172113,CONTROL,ALIGNING,ROI,19.400,-0.5000,-0.2722,0.0188,-0.0293,0.0148,0.0000
172163,CONTROL,ALIGNING,ROI,19.400,-0.5000,-0.2722,0.0188,-0.0293,0.0148,0.0000
172213,CONTROL,ALIGNING,ROI,19.400,-0.5000,-0.2722,0.0188,-0.0249,0.0126,0.0000
172263,CONTROL,ALIGNING,ROI,19.400,-0.4781,-0.2556,0.0177,-0.0275,0.0133,0.0000
172313,CONTROL,ALIGNING,ROI,19.400,-0.4781,-0.2556,0.0177,-0.0275,0.0133,0.0000
172363,CONTROL,ALIGNING,ROI,19.400,-0.4781,-0.2556,0.0177,-0.0275,0.0133,0.0000
172413,CONTROL,ALIGNING,ROI,19.400,-0.4781,-0.2556,0.0177,-0.0275,0.0133,0.0000
172464,CONTROL,ALIGNING,ROI,19.400,-0.4781,-0.2556,0.0177,-0.0275,0.0133,0.0000
172513,CONTROL,ALIGNING,ROI,19.400,-0.4781,-0.2556,0.0177,-0.0233,0.0113,0.0000
172563,CONTROL,ALIGNING,ROI,19.400,-0.4594,-0.2389,0.0177,-0.0261,0.0117,0.0000
172614,CONTROL,ALIGNING,ROI,19.400,-0.4594,-0.2389,0.0177,-0.0261,0.0117,0.0000
172663,CONTROL,ALIGNING,ROI,19.400,-0.4594,-0.2389,0.0177,-0.0261,0.0117,0.0000
172713,CONTROL,ALIGNING,ROI,19.400,-0.4594,-0.2389,0.0177,-0.0261,0.0117,0.0000
172763,CONTROL,ALIGNING,ROI,19.400,-0.4594,-0.2389,0.0177,-0.0261,0.0117,0.0000
172814,CONTROL,ALIGNING,ROI,19.400,-0.4427,-0.2259,0.0177,-0.0254,0.0114,0.0000
172864,CONTROL,ALIGNING,ROI,19.400,-0.4427,-0.2259,0.0177,-0.0254,0.0114,0.0000
172913,CONTROL,ALIGNING,ROI,19.400,-0.4427,-0.2259,0.0177,-0.0254,0.0114,0.0000
172963,CONTROL,ALIGNING,ROI,19.400,-0.4427,-0.2259,0.0177,-0.0254,0.0114,0.0000
173013,CONTROL,ALIGNING,ROI,19.400,-0.4427,-0.2259,0.0177,-0.0254,0.0114,0.0000
173063,CONTROL,ALIGNING,ROI,19.400,-0.4427,-0.2259,0.0177,-0.0216,0.0096,0.0000
173113,CONTROL,ALIGNING,ROI,19.400,-0.4281,-0.2148,0.0177,-0.0249,0.0111,0.0000
173163,CONTROL,ALIGNING,ROI,19.400,-0.4281,-0.2148,0.0177,-0.0249,0.0111,0.0000
173213,CONTROL,ALIGNING,ROI,19.400,-0.4281,-0.2148,0.0177,-0.0249,0.0111,0.0000
173263,CONTROL,ALIGNING,ROI,19.400,-0.4281,-0.2148,0.0177,-0.0249,0.0111,0.0000
173314,CONTROL,ALIGNING,ROI,19.400,-0.4281,-0.2148,0.0177,-0.0249,0.0111,0.0000
173364,CONTROL,ALIGNING,ROI,19.400,-0.4115,-0.2037,0.0177,-0.0237,0.0106,0.0000
173413,CONTROL,ALIGNING,ROI,19.400,-0.4115,-0.2037,0.0177,-0.0237,0.0106,0.0000
173463,CONTROL,ALIGNING,ROI,19.400,-0.4115,-0.2037,0.0177,-0.0237,0.0106,0.0000
173513,CONTROL,ALIGNING,ROI,19.400,-0.4115,-0.2037,0.0177,-0.0237,0.0106,0.0000
173564,CONTROL,ALIGNING,ROI,19.400,-0.4115,-0.2037,0.0177,-0.0237,0.0106,0.0000
173613,CONTROL,ALIGNING,ROI,19.400,-0.4115,-0.2037,0.0177,-0.0201,0.0090,0.0000
173663,CONTROL,ALIGNING,ROI,19.400,-0.3969,-0.1944,0.0177,-0.0232,0.0105,0.0000
173713,CONTROL,ALIGNING,ROI,19.400,-0.3969,-0.1944,0.0177,-0.0232,0.0105,0.0000
173764,CONTROL,ALIGNING,ROI,19.400,-0.3969,-0.1944,0.0177,-0.0232,0.0105,0.0000
173813,CONTROL,ALIGNING,ROI,19.400,-0.3969,-0.1944,0.0177,-0.0232,0.0105,0.0000
173864,CONTROL,ALIGNING,ROI,19.400,-0.3969,-0.1944,0.0177,-0.0232,0.0105,0.0000
173913,CONTROL,ALIGNING,ROI,19.400,-0.3969,-0.1944,0.0177,-0.0197,0.0090,0.0000
173964,CONTROL,ALIGNING,ROI,19.400,-0.3802,-0.1833,0.0177,-0.0217,0.0096,0.0000
174014,CONTROL,ALIGNING,ROI,19.400,-0.3802,-0.1833,0.0177,-0.0217,0.0096,0.0000
174063,CONTROL,ALIGNING,ROI,19.400,-0.3802,-0.1833,0.0177,-0.0217,0.0096,0.0000
174113,CONTROL,ALIGNING,ROI,19.400,-0.3802,-0.1833,0.0177,-0.0217,0.0096,0.0000
174163,CONTROL,ALIGNING,ROI,19.400,-0.3802,-0.1833,0.0177,-0.0217,0.0096,0.0000
174214,CONTROL,ALIGNING,ROI,19.400,-0.3802,-0.1833,0.0177,-0.0185,0.0081,0.0000
174264,CONTROL,ALIGNING,ROI,19.400,-0.3656,-0.1722,0.0177,-0.0210,0.0087,0.0000
174313,CONTROL,ALIGNING,ROI,19.400,-0.3656,-0.1722,0.0177,-0.0210,0.0087,0.0000
174363,CONTROL,ALIGNING,ROI,19.400,-0.3656,-0.1722,0.0177,-0.0210,0.0087,0.0000
174413,CONTROL,ALIGNING,ROI,19.400,-0.3656,-0.1722,0.0177,-0.0210,0.0087,0.0000
174463,CONTROL,ALIGNING,ROI,19.400,-0.3656,-0.1722,0.0177,-0.0210,0.0087,0.0000
174514,CONTROL,ALIGNING,ROI,19.400,-0.3531,-0.1648,0.0177,-0.0205,0.0088,0.0000
174563,CONTROL,ALIGNING,ROI,19.400,-0.3531,-0.1648,0.0177,-0.0205,0.0088,0.0000
174613,CONTROL,ALIGNING,ROI,19.400,-0.3531,-0.1648,0.0177,-0.0205,0.0088,0.0000
174664,CONTROL,ALIGNING,ROI,19.400,-0.3531,-0.1648,0.0177,-0.0205,0.0088,0.0000
174713,CONTROL,ALIGNING,ROI,19.400,-0.3531,-0.1648,0.0177,-0.0205,0.0088,0.0000
174763,CONTROL,ALIGNING,ROI,19.400,-0.3396,-0.1593,0.0167,-0.0192,0.0088,0.0000
174814,CONTROL,ALIGNING,ROI,19.400,-0.3396,-0.1593,0.0167,-0.0192,0.0088,0.0000
174865,CONTROL,ALIGNING,ROI,19.400,-0.3396,-0.1593,0.0167,-0.0192,0.0088,0.0000
174913,CONTROL,ALIGNING,ROI,19.400,-0.3396,-0.1593,0.0167,-0.0192,0.0088,0.0000
174963,CONTROL,ALIGNING,ROI,19.400,-0.3396,-0.1593,0.0167,-0.0192,0.0088,0.0000
175013,CONTROL,ALIGNING,ROI,19.400,-0.3396,-0.1593,0.0167,-0.0163,0.0075,0.0000
175064,CONTROL,ALIGNING,ROI,19.400,-0.3281,-0.1519,0.0177,-0.0190,0.0083,0.0000
175113,CONTROL,ALIGNING,ROI,19.400,-0.3281,-0.1519,0.0177,-0.0190,0.0083,0.0000
175164,CONTROL,ALIGNING,ROI,19.400,-0.3281,-0.1519,0.0177,-0.0190,0.0083,0.0000
175215,CONTROL,ALIGNING,ROI,19.400,-0.3281,-0.1519,0.0177,-0.0190,0.0083,0.0000
175263,CONTROL,ALIGNING,ROI,19.400,-0.3281,-0.1519,0.0177,-0.0190,0.0083,0.0000
175313,CONTROL,ALIGNING,ROI,19.400,-0.3156,-0.1444,0.0177,-0.0180,0.0077,0.0000
175364,CONTROL,ALIGNING,ROI,19.400,-0.3156,-0.1444,0.0177,-0.0180,0.0077,0.0000
175413,CONTROL,ALIGNING,ROI,19.400,-0.3156,-0.1444,0.0177,-0.0180,0.0077,0.0000
175463,CONTROL,ALIGNING,ROI,19.400,-0.3156,-0.1444,0.0177,-0.0180,0.0077,0.0000
175514,CONTROL,ALIGNING,ROI,19.400,-0.3156,-0.1444,0.0177,-0.0180,0.0077,0.0000
175563,CONTROL,ALIGNING,ROI,19.400,-0.3052,-0.1407,0.0177,-0.0176,0.0081,0.0000
175613,CONTROL,ALIGNING,ROI,19.400,-0.3052,-0.1407,0.0177,-0.0176,0.0081,0.0000
175664,CONTROL,ALIGNING,ROI,19.400,-0.3052,-0.1407,0.0177,-0.0176,0.0081,0.0000
175714,CONTROL,ALIGNING,ROI,19.400,-0.3052,-0.1407,0.0177,-0.0176,0.0081,0.0000
175763,CONTROL,ALIGNING,ROI,19.400,-0.3052,-0.1407,0.0177,-0.0176,0.0081,0.0000
175813,CONTROL,ALIGNING,ROI,19.400,-0.3052,-0.1407,0.0177,-0.0150,0.0069,0.0000
175863,CONTROL,ALIGNING,ROI,19.400,-0.2969,-0.1370,0.0177,-0.0177,0.0082,0.0000
175913,CONTROL,ALIGNING,ROI,19.400,-0.2969,-0.1370,0.0177,-0.0177,0.0082,0.0000
175963,CONTROL,ALIGNING,ROI,19.400,-0.2969,-0.1370,0.0177,-0.0177,0.0082,0.0000
176014,CONTROL,ALIGNING,ROI,19.400,-0.2969,-0.1370,0.0177,-0.0177,0.0082,0.0000
176064,CONTROL,ALIGNING,ROI,19.400,-0.2969,-0.1370,0.0177,-0.0177,0.0082,0.0000
176115,CONTROL,ALIGNING,ROI,19.400,-0.2854,-0.1259,0.0167,-0.0165,0.0061,0.0000
176163,CONTROL,ALIGNING,ROI,19.400,-0.2854,-0.1259,0.0167,-0.0165,0.0061,0.0000
176214,CONTROL,ALIGNING,ROI,19.400,-0.2854,-0.1259,0.0167,-0.0165,0.0061,0.0000
176263,CONTROL,ALIGNING,ROI,19.400,-0.2854,-0.1259,0.0167,-0.0165,0.0061,0.0000
176313,CONTROL,ALIGNING,ROI,19.400,-0.2854,-0.1259,0.0167,-0.0165,0.0061,0.0000
176364,CONTROL,ALIGNING,ROI,19.400,-0.2771,-0.1204,0.0167,-0.0162,0.0062,0.0000
176416,CONTROL,ALIGNING,ROI,19.400,-0.2771,-0.1204,0.0167,-0.0162,0.0062,0.0000
176463,CONTROL,ALIGNING,ROI,19.400,-0.2771,-0.1204,0.0167,-0.0162,0.0062,0.0000
176513,CONTROL,ALIGNING,ROI,19.400,-0.2771,-0.1204,0.0167,-0.0162,0.0062,0.0000
176563,CONTROL,ALIGNING,ROI,19.400,-0.2771,-0.1204,0.0167,-0.0162,0.0062,0.0000
176613,CONTROL,ALIGNING,ROI,19.400,-0.2771,-0.1204,0.0167,-0.0138,0.0052,0.0000
176664,CONTROL,ALIGNING,ROI,19.400,-0.2656,-0.1148,0.0177,-0.0153,0.0061,0.0000
176713,CONTROL,ALIGNING,ROI,19.400,-0.2656,-0.1148,0.0177,-0.0153,0.0061,0.0000
176763,CONTROL,ALIGNING,ROI,19.400,-0.2656,-0.1148,0.0177,-0.0153,0.0061,0.0000
176813,CONTROL,ALIGNING,ROI,19.400,-0.2656,-0.1148,0.0177,-0.0153,0.0061,0.0000
176863,CONTROL,ALIGNING,ROI,19.400,-0.2656,-0.1148,0.0177,-0.0153,0.0061,0.0000
176914,CONTROL,ALIGNING,ROI,19.400,-0.2573,-0.1074,0.0177,-0.0149,0.0052,0.0000
176963,CONTROL,ALIGNING,ROI,19.400,-0.2573,-0.1074,0.0177,-0.0149,0.0052,0.0000
177013,CONTROL,ALIGNING,ROI,19.400,-0.2573,-0.1074,0.0177,-0.0149,0.0052,0.0000
177063,CONTROL,ALIGNING,ROI,19.400,-0.2573,-0.1074,0.0177,-0.0149,0.0052,0.0000
177113,CONTROL,ALIGNING,ROI,19.400,-0.2573,-0.1074,0.0177,-0.0149,0.0052,0.0000
177163,CONTROL,ALIGNING,ROI,19.400,-0.2490,-0.1019,0.0177,-0.0146,0.0051,0.0000
177213,CONTROL,ALIGNING,ROI,19.400,-0.2490,-0.1019,0.0177,-0.0146,0.0051,0.0000
177263,CONTROL,ALIGNING,ROI,19.400,-0.2490,-0.1019,0.0177,-0.0146,0.0051,0.0000
177313,CONTROL,ALIGNING,ROI,19.400,-0.2490,-0.1019,0.0177,-0.0146,0.0051,0.0000
177365,CONTROL,ALIGNING,ROI,19.400,-0.2490,-0.1019,0.0177,-0.0146,0.0051,0.0000
177415,CONTROL,ALIGNING,ROI,19.400,-0.2406,-0.0981,0.0177,-0.0140,0.0053,0.0000
177463,CONTROL,ALIGNING,ROI,19.400,-0.2406,-0.0981,0.0177,-0.0140,0.0053,0.0000
177513,CONTROL,ALIGNING,ROI,19.400,-0.2406,-0.0981,0.0177,-0.0140,0.0053,0.0000
177564,CONTROL,ALIGNING,ROI,19.400,-0.2406,-0.0981,0.0177,-0.0140,0.0053,0.0000
177614,CONTROL,ALIGNING,ROI,19.400,-0.2406,-0.0981,0.0177,-0.0140,0.0053,0.0000
177663,CONTROL,ALIGNING,ROI,19.400,-0.2406,-0.0981,0.0177,-0.0119,0.0045,0.0000
177713,CONTROL,ALIGNING,ROI,19.400,-0.2323,-0.0926,0.0177,-0.0135,0.0048,0.0000
177763,CONTROL,ALIGNING,ROI,19.400,-0.2323,-0.0926,0.0177,-0.0135,0.0048,0.0000
177813,CONTROL,ALIGNING,ROI,19.400,-0.2323,-0.0926,0.0177,-0.0135,0.0048,0.0000
177864,CONTROL,ALIGNING,ROI,19.400,-0.2323,-0.0926,0.0177,-0.0135,0.0048,0.0000
177913,CONTROL,ALIGNING,ROI,19.400,-0.2323,-0.0926,0.0177,-0.0135,0.0048,0.0000
177963,CONTROL,ALIGNING,ROI,19.400,-0.2240,-0.0870,0.0177,-0.0130,0.0044,0.0000
178014,CONTROL,ALIGNING,ROI,19.400,-0.2240,-0.0870,0.0177,-0.0130,0.0044,0.0000
178065,CONTROL,ALIGNING,ROI,19.400,-0.2240,-0.0870,0.0177,-0.0130,0.0044,0.0000
178114,CONTROL,ALIGNING,ROI,19.400,-0.2240,-0.0870,0.0177,-0.0130,0.0044,0.0000
178163,CONTROL,ALIGNING,ROI,19.400,-0.2240,-0.0870,0.0177,-0.0130,0.0044,0.0000
178215,CONTROL,ALIGNING,ROI,19.400,-0.2167,-0.0815,0.0167,-0.0125,0.0038,0.0000
178263,CONTROL,ALIGNING,ROI,19.400,-0.2167,-0.0815,0.0167,-0.0125,0.0038,0.0000
178314,CONTROL,ALIGNING,ROI,19.400,-0.2167,-0.0815,0.0167,-0.0125,0.0038,0.0000
178363,CONTROL,ALIGNING,ROI,19.400,-0.2167,-0.0815,0.0167,-0.0125,0.0038,0.0000
178414,CONTROL,ALIGNING,ROI,19.400,-0.2167,-0.0815,0.0167,-0.0125,0.0038,0.0000
178463,CONTROL,ALIGNING,ROI,19.400,-0.2167,-0.0815,0.0167,-0.0107,0.0033,0.0000
178513,CONTROL,ALIGNING,ROI,19.400,-0.2094,-0.0741,0.0177,-0.0122,0.0030,0.0000
178563,CONTROL,ALIGNING,ROI,19.400,-0.2094,-0.0741,0.0177,-0.0122,0.0030,0.0000
178613,CONTROL,ALIGNING,ROI,19.400,-0.2094,-0.0741,0.0177,-0.0122,0.0030,0.0000
178664,CONTROL,ALIGNING,ROI,19.400,-0.2094,-0.0741,0.0177,-0.0122,0.0030,0.0000
178714,CONTROL,ALIGNING,ROI,19.400,-0.2094,-0.0741,0.0177,-0.0122,0.0030,0.0000
178764,CONTROL,ALIGNING,ROI,19.400,-0.2021,-0.0704,0.0167,-0.0117,0.0033,0.0000
178813,CONTROL,ALIGNING,ROI,19.400,-0.2021,-0.0704,0.0167,-0.0117,0.0033,0.0000
178863,CONTROL,ALIGNING,ROI,19.400,-0.2021,-0.0704,0.0167,-0.0117,0.0033,0.0000
178914,CONTROL,ALIGNING,ROI,19.400,-0.2021,-0.0704,0.0167,-0.0117,0.0033,0.0000
178963,CONTROL,ALIGNING,ROI,19.400,-0.2021,-0.0704,0.0167,-0.0117,0.0033,0.0000
179013,CONTROL,ALIGNING,ROI,19.400,-0.1948,-0.0685,0.0177,-0.0111,0.0038,0.0000
179063,CONTROL,ALIGNING,ROI,19.400,-0.1948,-0.0685,0.0177,-0.0111,0.0038,0.0000
179113,CONTROL,ALIGNING,ROI,19.400,-0.1948,-0.0685,0.0177,-0.0111,0.0038,0.0000
179164,CONTROL,ALIGNING,ROI,19.400,-0.1948,-0.0685,0.0177,-0.0111,0.0038,0.0000
179214,CONTROL,ALIGNING,ROI,19.400,-0.1948,-0.0685,0.0177,-0.0111,0.0038,0.0000
179263,CONTROL,ALIGNING,ROI,19.400,-0.1948,-0.0685,0.0177,-0.0095,0.0032,0.0000
179313,CONTROL,ALIGNING,ROI,19.400,-0.1885,-0.0611,0.0177,-0.0110,0.0024,0.0000
179364,CONTROL,ALIGNING,ROI,19.400,-0.1885,-0.0611,0.0177,-0.0110,0.0024,0.0000
179413,CONTROL,ALIGNING,ROI,19.400,-0.1885,-0.0611,0.0177,-0.0110,0.0024,0.0000
179464,CONTROL,ALIGNING,ROI,19.400,-0.1885,-0.0611,0.0177,-0.0110,0.0024,0.0000
179514,CONTROL,ALIGNING,ROI,19.400,-0.1885,-0.0611,0.0177,-0.0110,0.0024,0.0000
179564,CONTROL,ALIGNING,ROI,19.400,-0.1823,-0.0611,0.0177,-0.0106,0.0035,0.0000
179613,CONTROL,ALIGNING,ROI,19.400,-0.1823,-0.0611,0.0177,-0.0106,0.0035,0.0000
179663,CONTROL,ALIGNING,ROI,19.400,-0.1823,-0.0611,0.0177,-0.0106,0.0035,0.0000
179713,CONTROL,ALIGNING,ROI,19.400,-0.1823,-0.0611,0.0177,-0.0106,0.0035,0.0000
179764,CONTROL,ALIGNING,ROI,19.400,-0.1823,-0.0611,0.0177,-0.0106,0.0035,0.0000
179817,CONTROL,ALIGNING,ROI,19.400,-0.1760,-0.0537,0.0177,-0.0102,0.0020,0.0000
179863,CONTROL,ALIGNING,ROI,19.400,-0.1760,-0.0537,0.0177,-0.0102,0.0020,0.0000
179913,CONTROL,ALIGNING,ROI,19.400,-0.1760,-0.0537,0.0177,-0.0102,0.0020,0.0000
179963,CONTROL,ALIGNING,ROI,19.400,-0.1760,-0.0537,0.0177,-0.0102,0.0020,0.0000
180014,CONTROL,ALIGNING,ROI,19.400,-0.1760,-0.0537,0.0177,-0.0102,0.0020,0.0000
180063,CONTROL,ALIGNING,ROI,19.400,-0.1719,-0.0500,0.0177,-0.0104,0.0021,0.0000
180115,CONTROL,ALIGNING,ROI,19.400,-0.1719,-0.0500,0.0177,-0.0104,0.0021,0.0000
180163,CONTROL,ALIGNING,ROI,19.400,-0.1719,-0.0500,0.0177,-0.0104,0.0021,0.0000
180213,CONTROL,ALIGNING,ROI,19.400,-0.1719,-0.0500,0.0177,-0.0104,0.0021,0.0000
180263,CONTROL,ALIGNING,ROI,19.400,-0.1719,-0.0500,0.0177,-0.0104,0.0021,0.0000
180314,CONTROL,ALIGNING,ROI,19.400,-0.1656,-0.0500,0.0177,-0.0096,0.0029,0.0000
180363,CONTROL,ALIGNING,ROI,19.400,-0.1656,-0.0500,0.0177,-0.0096,0.0029,0.0000
180413,CONTROL,ALIGNING,ROI,19.400,-0.1656,-0.0500,0.0177,-0.0096,0.0029,0.0000
180463,CONTROL,ALIGNING,ROI,19.400,-0.1656,-0.0500,0.0177,-0.0096,0.0029,0.0000
180513,CONTROL,ALIGNING,ROI,19.400,-0.1656,-0.0500,0.0177,-0.0096,0.0029,0.0000
180563,CONTROL,ALIGNING,ROI,19.400,-0.1656,-0.0500,0.0177,-0.0082,0.0025,0.0000
180613,CONTROL,ALIGNING,ROI,19.400,-0.1594,-0.0463,0.0177,-0.0091,0.0000,0.0000
180664,CONTROL,ALIGNING,ROI,19.400,-0.1594,-0.0463,0.0177,-0.0091,0.0000,0.0000
180713,CONTROL,ALIGNING,ROI,19.400,-0.1594,-0.0463,0.0177,-0.0091,0.0000,0.0000
180763,CONTROL,ALIGNING,ROI,19.400,-0.1594,-0.0463,0.0177,-0.0091,0.0000,0.0000
180813,CONTROL,ALIGNING,ROI,19.400,-0.1594,-0.0463,0.0177,-0.0091,0.0000,0.0000
180866,CONTROL,ALIGNING,ROI,19.400,-0.1552,-0.0426,0.0177,-0.0093,0.0000,0.0000
180916,CONTROL,ALIGNING,ROI,19.400,-0.1552,-0.0426,0.0177,-0.0093,0.0000,0.0000
180963,CONTROL,ALIGNING,ROI,19.400,-0.1552,-0.0426,0.0177,-0.0093,0.0000,0.0000
181013,CONTROL,ALIGNING,ROI,19.400,-0.1552,-0.0426,0.0177,-0.0093,0.0000,0.0000
181064,CONTROL,ALIGNING,ROI,19.400,-0.1552,-0.0426,0.0177,-0.0093,0.0000,0.0000
181114,CONTROL,ALIGNING,ROI,19.400,-0.1552,-0.0426,0.0177,-0.0079,0.0000,0.0000
181163,CONTROL,ALIGNING,ROI,19.400,-0.1510,-0.0389,0.0177,-0.0091,0.0000,0.0000
181213,CONTROL,ALIGNING,ROI,19.400,-0.1510,-0.0389,0.0177,-0.0091,0.0000,0.0000
181264,CONTROL,ALIGNING,ROI,19.400,-0.1510,-0.0389,0.0177,-0.0091,0.0000,0.0000
181315,CONTROL,ALIGNING,ROI,19.400,-0.1510,-0.0389,0.0177,-0.0091,0.0000,0.0000
181364,CONTROL,ALIGNING,ROI,19.400,-0.1510,-0.0389,0.0177,-0.0091,0.0000,0.0000
181413,CONTROL,ALIGNING,ROI,19.400,-0.1448,-0.0352,0.0177,-0.0083,0.0000,0.0000
181464,CONTROL,ALIGNING,ROI,19.400,-0.1448,-0.0352,0.0177,-0.0083,0.0000,0.0000
181513,CONTROL,ALIGNING,ROI,19.400,-0.1448,-0.0352,0.0177,-0.0083,0.0000,0.0000
181563,CONTROL,ALIGNING,ROI,19.400,-0.1448,-0.0352,0.0177,-0.0083,0.0000,0.0000
181613,CONTROL,ALIGNING,ROI,19.400,-0.1448,-0.0352,0.0177,-0.0083,0.0000,0.0000
181669,CONTROL,ALIGNING,ROI,19.400,-0.1406,-0.0352,0.0177,-0.0083,0.0000,0.0000
181713,CONTROL,ALIGNING,ROI,19.400,-0.1406,-0.0352,0.0177,-0.0083,0.0000,0.0000
181763,CONTROL,ALIGNING,ROI,19.400,-0.1406,-0.0352,0.0177,-0.0083,0.0000,0.0000
181813,CONTROL,ALIGNING,ROI,19.400,-0.1406,-0.0352,0.0177,-0.0083,0.0000,0.0000
181864,CONTROL,ALIGNING,ROI,19.400,-0.1406,-0.0352,0.0177,-0.0083,0.0000,0.0000
181913,CONTROL,ALIGNING,ROI,19.400,-0.1406,-0.0352,0.0177,-0.0071,0.0000,0.0000
181964,CONTROL,ALIGNING,ROI,19.400,-0.1344,-0.0333,0.0177,-0.0076,0.0000,0.0000
182014,CONTROL,ALIGNING,ROI,19.400,-0.1344,-0.0333,0.0177,-0.0076,0.0000,0.0000
182064,CONTROL,ALIGNING,ROI,19.400,-0.1344,-0.0333,0.0177,-0.0076,0.0000,0.0000
182113,CONTROL,ALIGNING,ROI,19.400,-0.1344,-0.0333,0.0177,-0.0076,0.0000,0.0000
182164,CONTROL,ALIGNING,ROI,19.400,-0.1281,-0.0333,0.0177,-0.0067,0.0000,0.0000
182213,CONTROL,ALIGNING,ROI,19.400,-0.1281,-0.0333,0.0177,-0.0067,0.0000,0.0000
182264,CONTROL,ALIGNING,ROI,19.400,-0.1281,-0.0333,0.0177,-0.0067,0.0000,0.0000
182313,CONTROL,ALIGNING,ROI,19.400,-0.1281,-0.0333,0.0177,-0.0067,0.0000,0.0000
182363,CONTROL,ALIGNING,ROI,19.400,-0.1281,-0.0333,0.0177,-0.0067,0.0000,0.0000
182413,CONTROL,ALIGNING,ROI,19.400,-0.1240,-0.0296,0.0177,-0.0068,0.0000,0.0000
182465,CONTROL,ALIGNING,ROI,19.400,-0.1240,-0.0296,0.0177,-0.0068,0.0000,0.0000
182513,CONTROL,ALIGNING,ROI,19.400,-0.1240,-0.0296,0.0177,-0.0068,0.0000,0.0000
182563,CONTROL,ALIGNING,ROI,19.400,-0.1240,-0.0296,0.0177,-0.0068,0.0000,0.0000
182613,CONTROL,ALIGNING,ROI,19.400,-0.1240,-0.0296,0.0177,-0.0068,0.0000,0.0000
182663,CONTROL,ALIGNING,ROI,19.400,-0.1198,-0.0296,0.0177,-0.0068,0.0000,0.0000
182713,CONTROL,ALIGNING,ROI,19.400,-0.1198,-0.0296,0.0177,-0.0068,0.0000,0.0000
182765,CONTROL,ALIGNING,ROI,19.400,-0.1198,-0.0296,0.0177,-0.0068,0.0000,0.0000
182814,CONTROL,ALIGNING,ROI,19.400,-0.1198,-0.0296,0.0177,-0.0068,0.0000,0.0000
182863,CONTROL,ALIGNING,ROI,19.400,-0.1177,-0.0278,0.0177,-0.0071,0.0000,0.0000
182914,CONTROL,ALIGNING,ROI,19.400,-0.1177,-0.0278,0.0177,-0.0071,0.0000,0.0000
182964,CONTROL,ALIGNING,ROI,19.400,-0.1177,-0.0278,0.0177,-0.0071,0.0000,0.0000
183013,CONTROL,ALIGNING,ROI,19.400,-0.1177,-0.0278,0.0177,-0.0071,0.0000,0.0000
183063,CONTROL,ALIGNING,ROI,19.400,-0.1177,-0.0278,0.0177,-0.0071,0.0000,0.0000
183113,CONTROL,ALIGNING,ROI,19.400,-0.1177,-0.0278,0.0177,-0.0060,0.0000,0.0000
183163,CONTROL,ALIGNING,ROI,19.400,-0.1135,-0.0278,0.0177,-0.0066,0.0000,0.0000
183213,CONTROL,ALIGNING,ROI,19.400,-0.1135,-0.0278,0.0177,-0.0066,0.0000,0.0000
183263,CONTROL,ALIGNING,ROI,19.400,-0.1135,-0.0278,0.0177,-0.0066,0.0000,0.0000
183313,CONTROL,ALIGNING,ROI,19.400,-0.1135,-0.0278,0.0177,-0.0066,0.0000,0.0000
183363,CONTROL,ALIGNING,ROI,19.400,-0.1135,-0.0278,0.0177,-0.0066,0.0000,0.0000
183414,CONTROL,ALIGNING,ROI,19.400,-0.1094,-0.0241,0.0177,-0.0063,0.0000,0.0000
183464,CONTROL,ALIGNING,ROI,19.400,-0.1094,-0.0241,0.0177,-0.0063,0.0000,0.0000
183513,CONTROL,ALIGNING,ROI,19.400,-0.1094,-0.0241,0.0177,-0.0063,0.0000,0.0000
183563,CONTROL,ALIGNING,ROI,19.400,-0.1094,-0.0241,0.0177,-0.0063,0.0000,0.0000
183614,CONTROL,ALIGNING,ROI,19.400,-0.1094,-0.0241,0.0177,-0.0063,0.0000,0.0000
183663,CONTROL,ALIGNING,ROI,19.400,-0.1052,-0.0241,0.0177,-0.0060,0.0000,0.0000
183713,CONTROL,ALIGNING,ROI,19.400,-0.1052,-0.0241,0.0177,-0.0060,0.0000,0.0000
183763,CONTROL,ALIGNING,ROI,19.400,-0.1052,-0.0241,0.0177,-0.0060,0.0000,0.0000
183813,CONTROL,ALIGNING,ROI,19.400,-0.1052,-0.0241,0.0177,-0.0060,0.0000,0.0000
183864,CONTROL,ALIGNING,ROI,19.400,-0.1052,-0.0241,0.0177,-0.0060,0.0000,0.0000
183914,CONTROL,ALIGNING,ROI,19.400,-0.1052,-0.0241,0.0177,-0.0051,0.0000,0.0000
183963,CONTROL,ALIGNING,ROI,19.400,-0.1031,-0.0204,0.0177,-0.0063,0.0000,0.0000
184014,CONTROL,ALIGNING,ROI,19.400,-0.1031,-0.0204,0.0177,-0.0063,0.0000,0.0000
184063,CONTROL,ALIGNING,ROI,19.400,-0.1031,-0.0204,0.0177,-0.0063,0.0000,0.0000
184114,CONTROL,ALIGNING,ROI,19.400,-0.1031,-0.0204,0.0177,-0.0063,0.0000,0.0000
184163,CONTROL,ALIGNING,ROI,19.400,-0.1031,-0.0204,0.0177,-0.0063,0.0000,0.0000
184214,CONTROL,ALIGNING,ROI,19.400,-0.1010,-0.0204,0.0177,-0.0063,0.0000,0.0000
184263,CONTROL,ALIGNING,ROI,19.400,-0.1010,-0.0204,0.0177,-0.0063,0.0000,0.0000
184313,CONTROL,ALIGNING,ROI,19.400,-0.1010,-0.0204,0.0177,-0.0063,0.0000,0.0000
184363,CONTROL,ALIGNING,ROI,19.400,-0.1010,-0.0204,0.0177,-0.0063,0.0000,0.0000
184413,CONTROL,ALIGNING,ROI,19.400,-0.1010,-0.0204,0.0177,-0.0063,0.0000,0.0000
184465,CONTROL,ALIGNING,ROI,19.400,-0.0969,-0.0204,0.0177,-0.0056,0.0000,0.0000
184513,CONTROL,ALIGNING,ROI,19.400,-0.0969,-0.0204,0.0177,-0.0056,0.0000,0.0000
184563,CONTROL,ALIGNING,ROI,19.400,-0.0969,-0.0204,0.0177,-0.0056,0.0000,0.0000
184614,CONTROL,ALIGNING,ROI,19.400,-0.0969,-0.0204,0.0177,-0.0056,0.0000,0.0000
184663,CONTROL,ALIGNING,ROI,19.400,-0.0969,-0.0204,0.0177,-0.0056,0.0000,0.0000
184713,CONTROL,ALIGNING,ROI,19.400,-0.0969,-0.0204,0.0177,-0.0048,0.0000,0.0000
184763,CONTROL,ALIGNING,ROI,19.400,-0.0948,-0.0167,0.0177,-0.0058,0.0000,0.0000
184814,CONTROL,ALIGNING,ROI,19.400,-0.0948,-0.0167,0.0177,-0.0058,0.0000,0.0000
184864,CONTROL,ALIGNING,ROI,19.400,-0.0948,-0.0167,0.0177,-0.0058,0.0000,0.0000
184914,CONTROL,ALIGNING,ROI,19.400,-0.0948,-0.0167,0.0177,-0.0058,0.0000,0.0000
184963,CONTROL,ALIGNING,ROI,19.400,-0.0948,-0.0167,0.0177,-0.0058,0.0000,0.0000
185013,CONTROL,ALIGNING,ROI,19.400,-0.0948,-0.0167,0.0177,-0.0049,0.0000,0.0000
185063,CONTROL,ALIGNING,ROI,19.400,-0.0906,-0.0167,0.0177,-0.0052,0.0000,0.0000
185113,CONTROL,ALIGNING,ROI,19.400,-0.0906,-0.0167,0.0177,-0.0052,0.0000,0.0000
185163,CONTROL,ALIGNING,ROI,19.400,-0.0906,-0.0167,0.0177,-0.0052,0.0000,0.0000
185214,CONTROL,ALIGNING,ROI,19.400,-0.0906,-0.0167,0.0177,-0.0052,0.0000,0.0000
185263,CONTROL,ALIGNING,ROI,19.400,-0.0906,-0.0167,0.0177,-0.0052,0.0000,0.0000
185313,CONTROL,ALIGNING,ROI,19.400,-0.0865,-0.0130,0.0177,-0.0048,0.0000,0.0000
185364,CONTROL,ALIGNING,ROI,19.400,-0.0865,-0.0130,0.0177,-0.0048,0.0000,0.0000
185414,CONTROL,ALIGNING,ROI,19.400,-0.0865,-0.0130,0.0177,-0.0048,0.0000,0.0000
185463,CONTROL,ALIGNING,ROI,19.400,-0.0865,-0.0130,0.0177,-0.0048,0.0000,0.0000
185513,CONTROL,ALIGNING,ROI,19.400,-0.0865,-0.0130,0.0177,-0.0048,0.0000,0.0000
185563,CONTROL,DESCENDING,ROI,19.400,-0.0844,-0.0148,0.0177,-0.0050,0.0000,-0.5000
185614,CONTROL,DESCENDING,ROI,19.400,-0.0844,-0.0148,0.0177,-0.0050,0.0000,-0.5000
185663,CONTROL,DESCENDING,ROI,19.400,-0.0844,-0.0148,0.0177,-0.0050,0.0000,-0.5000
185713,CONTROL,DESCENDING,ROI,19.400,-0.0844,-0.0148,0.0177,-0.0050,0.0000,-0.5000
185764,CONTROL,DESCENDING,ROI,19.400,-0.0844,-0.0148,0.0177,-0.0050,0.0000,-0.5000
185813,CONTROL,DESCENDING,ROI,19.400,-0.0802,-0.0148,0.0177,-0.0044,0.0000,-0.5000
185864,CONTROL,DESCENDING,ROI,19.400,-0.0802,-0.0148,0.0177,-0.0044,0.0000,-0.5000
185913,CONTROL,DESCENDING,ROI,19.400,-0.0802,-0.0148,0.0177,-0.0044,0.0000,-0.5000
185963,CONTROL,DESCENDING,ROI,19.400,-0.0802,-0.0148,0.0177,-0.0044,0.0000,-0.5000
186014,CONTROL,DESCENDING,ROI,19.400,-0.0802,-0.0148,0.0177,-0.0044,0.0000,-0.5000
186064,CONTROL,DESCENDING,ROI,19.400,-0.0781,-0.0148,0.0177,-0.0045,0.0000,-0.5000
186114,CONTROL,DESCENDING,ROI,19.400,-0.0781,-0.0148,0.0177,-0.0045,0.0000,-0.5000
186163,CONTROL,DESCENDING,ROI,19.400,-0.0781,-0.0148,0.0177,-0.0045,0.0000,-0.5000
186214,CONTROL,DESCENDING,ROI,19.400,-0.0781,-0.0148,0.0177,-0.0045,0.0000,-0.5000
186263,CONTROL,DESCENDING,ROI,19.400,-0.0781,-0.0148,0.0177,-0.0045,0.0000,-0.5000
186314,CONTROL,DESCENDING,ROI,19.400,-0.0760,-0.0148,0.0177,-0.0045,0.0000,-0.5000
186364,CONTROL,DESCENDING,ROI,19.400,-0.0760,-0.0148,0.0177,-0.0045,0.0000,-0.5000
186413,CONTROL,DESCENDING,ROI,19.400,-0.0760,-0.0148,0.0177,-0.0045,0.0000,-0.5000
186464,CONTROL,DESCENDING,ROI,19.400,-0.0760,-0.0148,0.0177,-0.0045,0.0000,-0.5000
186514,CONTROL,DESCENDING,ROI,19.400,-0.0760,-0.0148,0.0177,-0.0045,0.0000,-0.5000
186563,CONTROL,DESCENDING,ROI,19.400,-0.0760,-0.0148,0.0177,-0.0038,0.0000,-0.4250
186613,CONTROL,DESCENDING,ROI,19.400,-0.0760,-0.0148,0.0177,-0.0050,0.0000,-0.5000
186663,CONTROL,DESCENDING,ROI,19.400,-0.0760,-0.0148,0.0177,-0.0050,0.0000,-0.5000
186713,CONTROL,DESCENDING,ROI,19.400,-0.0760,-0.0148,0.0177,-0.0050,0.0000,-0.5000
186763,CONTROL,DESCENDING,ROI,19.400,-0.0760,-0.0148,0.0177,-0.0050,0.0000,-0.5000
186813,CONTROL,DESCENDING,ROI,19.400,-0.0760,-0.0148,0.0177,-0.0050,0.0000,-0.5000
186863,CONTROL,DESCENDING,ROI,19.400,-0.0750,-0.0130,0.0188,-0.0049,0.0000,-0.5000
186914,CONTROL,DESCENDING,ROI,18.200,-0.0750,-0.0130,0.0188,-0.0049,0.0000,-0.5000
186963,CONTROL,DESCENDING,ROI,18.200,-0.0750,-0.0130,0.0188,-0.0049,0.0000,-0.5000
187013,CONTROL,DESCENDING,ROI,17.900,-0.0750,-0.0130,0.0188,-0.0049,0.0000,-0.5000
187064,CONTROL,DESCENDING,ROI,17.900,-0.0750,-0.0130,0.0188,-0.0049,0.0000,-0.5000
187114,CONTROL,DESCENDING,ROI,18.800,-0.0781,-0.0111,0.0198,-0.0060,0.0000,-0.5000
187164,CONTROL,DESCENDING,ROI,18.800,-0.0781,-0.0111,0.0198,-0.0060,0.0000,-0.5000
187214,CONTROL,DESCENDING,ROI,17.200,-0.0781,-0.0111,0.0198,-0.0060,0.0000,-0.5000
187263,CONTROL,DESCENDING,ROI,17.200,-0.0781,-0.0111,0.0198,-0.0060,0.0000,-0.5000
187313,CONTROL,DESCENDING,ROI,16.500,-0.0781,-0.0111,0.0198,-0.0060,0.0000,-0.5000
187363,CONTROL,DESCENDING,ROI,16.500,-0.0781,-0.0111,0.0198,-0.0051,0.0000,-0.4250
187414,CONTROL,DESCENDING,ROI,15.600,-0.0833,-0.0056,0.0208,-0.0070,0.0000,-0.5000
187464,CONTROL,DESCENDING,ROI,15.600,-0.0833,-0.0056,0.0208,-0.0070,0.0000,-0.5000
187513,CONTROL,DESCENDING,ROI,15.400,-0.0833,-0.0056,0.0208,-0.0070,0.0000,-0.5000
187563,CONTROL,DESCENDING,ROI,15.400,-0.0833,-0.0056,0.0208,-0.0070,0.0000,-0.5000
187614,CONTROL,DESCENDING,ROI,15.400,-0.0833,-0.0056,0.0208,-0.0070,0.0000,-0.5000
187664,CONTROL,DESCENDING,ROI,15.400,-0.0896,0.0019,0.0229,-0.0080,0.0000,-0.5000
187713,CONTROL,DESCENDING,ROI,15.000,-0.0896,0.0019,0.0229,-0.0080,0.0000,-0.5000
187763,CONTROL,DESCENDING,ROI,15.000,-0.0896,0.0019,0.0229,-0.0080,0.0000,-0.5000
187813,CONTROL,DESCENDING,ROI,14.700,-0.0896,0.0019,0.0229,-0.0080,0.0000,-0.5000
187863,CONTROL,DESCENDING,ROI,14.700,-0.0896,0.0019,0.0229,-0.0080,0.0000,-0.5000
187913,CONTROL,DESCENDING,ROI,14.900,-0.0896,0.0019,0.0229,-0.0068,0.0000,-0.4250
187964,CONTROL,DESCENDING,ROI,14.900,-0.0938,0.0111,0.0250,-0.0081,0.0000,-0.5000
188013,CONTROL,DESCENDING,ROI,14.300,-0.0938,0.0111,0.0250,-0.0081,0.0000,-0.5000
188064,CONTROL,DESCENDING,ROI,14.300,-0.0938,0.0111,0.0250,-0.0081,0.0000,-0.5000
188113,CONTROL,DESCENDING,ROI,6.200,-0.0938,0.0111,0.0250,-0.0081,0.0000,-0.5000
188164,CONTROL,DESCENDING,ROI,6.200,-0.0938,0.0111,0.0250,-0.0081,0.0000,-0.5000
188213,CONTROL,DESCENDING,ROI,5.800,-0.1010,0.0130,0.0260,-0.0091,0.0000,-0.5000
188264,CONTROL,DESCENDING,ROI,5.800,-0.1010,0.0130,0.0260,-0.0091,0.0000,-0.5000
188313,CONTROL,DESCENDING,ROI,5.600,-0.1010,0.0130,0.0260,-0.0091,0.0000,-0.5000
188363,CONTROL,DESCENDING,ROI,5.600,-0.1010,0.0130,0.0260,-0.0091,0.0000,-0.5000
188413,CONTROL,DESCENDING,ROI,5.400,-0.1010,0.0130,0.0260,-0.0091,0.0000,-0.5000
188463,CONTROL,DESCENDING,ROI,5.400,-0.1010,0.0130,0.0260,-0.0077,0.0000,-0.4250
188514,CONTROL,DESCENDING,ROI,5.200,-0.1031,0.0148,0.0281,-0.0084,0.0000,-0.5000
188564,CONTROL,DESCENDING,ROI,5.200,-0.1031,0.0148,0.0281,-0.0084,0.0000,-0.5000
188615,CONTROL,DESCENDING,ROI,5.000,-0.1031,0.0148,0.0281,-0.0084,0.0000,-0.5000
188663,CONTROL,DESCENDING,ROI,5.000,-0.1031,0.0148,0.0281,-0.0084,0.0000,-0.5000
188714,CONTROL,DESCENDING,ROI,4.800,-0.1031,0.0148,0.0281,-0.0084,0.0000,-0.5000
188763,CONTROL,DESCENDING,ROI,4.800,-0.1010,0.0222,0.0302,-0.0072,0.0000,-0.5000
188813,CONTROL,DESCENDING,ROI,4.800,-0.1010,0.0222,0.0302,-0.0072,0.0000,-0.5000
188863,CONTROL,DESCENDING,ROI,4.800,-0.1010,0.0222,0.0302,-0.0072,0.0000,-0.5000
188913,CONTROL,DESCENDING,ROI,4.600,-0.1010,0.0222,0.0302,-0.0072,0.0000,-0.5000
188964,CONTROL,DESCENDING,ROI,4.600,-0.1010,0.0222,0.0302,-0.0072,0.0000,-0.5000
189013,CONTROL,DESCENDING,ROI,4.500,-0.1010,0.0222,0.0302,-0.0061,0.0000,-0.4250
189064,CONTROL,DESCENDING,ROI,4.500,-0.0958,0.0222,0.0333,-0.0057,0.0000,-0.5000
189114,CONTROL,DESCENDING,ROI,4.400,-0.0958,0.0222,0.0333,-0.0057,0.0000,-0.5000
189163,CONTROL,DESCENDING,ROI,4.400,-0.0958,0.0222,0.0333,-0.0057,0.0000,-0.5000
189213,CONTROL,DESCENDING,ROI,4.100,-0.0958,0.0222,0.0333,-0.0057,0.0000,-0.5000
189263,CONTROL,DESCENDING,ROI,4.100,-0.0958,0.0222,0.0333,-0.0057,0.0000,-0.5000
189314,CONTROL,DESCENDING,ROI,3.900,-0.0958,0.0241,0.0354,-0.0063,0.0000,-0.5000
189363,CONTROL,DESCENDING,ROI,3.900,-0.0958,0.0241,0.0354,-0.0063,0.0000,-0.5000
189414,CONTROL,DESCENDING,ROI,3.800,-0.0958,0.0241,0.0354,-0.0063,0.0000,-0.5000
189463,CONTROL,DESCENDING,ROI,3.800,-0.0958,0.0241,0.0354,-0.0063,0.0000,-0.5000
189514,CONTROL,DESCENDING,ROI,4.900,-0.0958,0.0241,0.0354,-0.0063,0.0000,-0.5000
189563,CONTROL,DESCENDING,ROI,4.900,-0.0938,0.0296,0.0396,-0.0059,0.0000,-0.5000
189613,CONTROL,DESCENDING,ROI,4.700,-0.0938,0.0296,0.0396,-0.0059,0.0000,-0.5000
189664,CONTROL,DESCENDING,ROI,4.700,-0.0938,0.0296,0.0396,-0.0059,0.0000,-0.5000
189713,CONTROL,DESCENDING,ROI,4.500,-0.0938,0.0296,0.0396,-0.0059,0.0000,-0.5000
189763,CONTROL,DESCENDING,ROI,4.500,-0.0917,0.0370,0.0417,-0.0057,0.0000,-0.5000
189814,CONTROL,DESCENDING,ROI,4.400,-0.0917,0.0370,0.0417,-0.0057,0.0000,-0.5000
189863,CONTROL,DESCENDING,ROI,4.400,-0.0917,0.0370,0.0417,-0.0057,0.0000,-0.5000
189914,CONTROL,DESCENDING,ROI,4.100,-0.0917,0.0370,0.0417,-0.0057,0.0000,-0.5000
189963,CONTROL,DESCENDING,ROI,4.100,-0.0917,0.0370,0.0417,-0.0057,0.0000,-0.5000
190017,CONTROL,DESCENDING,ROI,4.000,-0.0917,0.0389,0.0458,-0.0061,0.0000,-0.5000
190063,CONTROL,DESCENDING,ROI,4.000,-0.0917,0.0389,0.0458,-0.0061,0.0000,-0.5000
190114,CONTROL,DESCENDING,ROI,3.900,-0.0917,0.0389,0.0458,-0.0061,0.0000,-0.5000
190163,CONTROL,DESCENDING,ROI,3.900,-0.0917,0.0389,0.0458,-0.0061,0.0000,-0.5000
190213,CONTROL,DESCENDING,ROI,3.800,-0.0917,0.0389,0.0458,-0.0061,0.0000,-0.5000
190263,CONTROL,DESCENDING,ROI,3.800,-0.0958,0.0444,0.0500,-0.0075,0.0000,-0.5000
190314,CONTROL,DESCENDING,ROI,3.700,-0.0958,0.0444,0.0500,-0.0075,0.0000,-0.5000
190363,CONTROL,DESCENDING,ROI,3.700,-0.0958,0.0444,0.0500,-0.0075,0.0000,-0.5000
190413,CONTROL,DESCENDING,ROI,3.600,-0.0958,0.0444,0.0500,-0.0075,0.0000,-0.5000
190463,CONTROL,DESCENDING,ROI,3.600,-0.0958,0.0444,0.0500,-0.0075,0.0000,-0.5000
190513,CONTROL,DESCENDING,ROI,3.500,-0.0990,0.0463,0.0552,-0.0079,0.0000,-0.5000
190563,CONTROL,DESCENDING,ROI,3.500,-0.0990,0.0463,0.0552,-0.0079,0.0000,-0.5000
190613,CONTROL,DESCENDING,ROI,3.400,-0.0990,0.0463,0.0552,-0.0079,0.0000,-0.5000
190663,CONTROL,DESCENDING,ROI,3.400,-0.0990,0.0463,0.0552,-0.0079,0.0000,-0.5000
190713,CONTROL,DESCENDING,ROI,3.300,-0.0990,0.0463,0.0552,-0.0079,0.0000,-0.5000
190763,CONTROL,DESCENDING,ROI,3.300,-0.1042,0.0574,0.0625,-0.0087,-0.0024,-0.5000
190814,CONTROL,DESCENDING,ROI,3.100,-0.1042,0.0574,0.0625,-0.0087,-0.0024,-0.5000
190863,CONTROL,DESCENDING,ROI,3.100,-0.1042,0.0574,0.0625,-0.0087,-0.0024,-0.5000
190913,CONTROL,DESCENDING,ROI,3.000,-0.1042,0.0574,0.0625,-0.0087,-0.0024,-0.5000
190963,CONTROL,DESCENDING,ROI,3.000,-0.1042,0.0574,0.0625,-0.0087,-0.0024,-0.5000
191013,CONTROL,DESCENDING,ROI,3.000,-0.1042,0.0574,0.0625,-0.0074,-0.0020,-0.4250
191065,CONTROL,DESCENDING,ROI,3.000,-0.1094,0.0648,0.0698,-0.0093,-0.0054,-0.5000
191113,CONTROL,DESCENDING,ROI,2.900,-0.1094,0.0648,0.0698,-0.0093,-0.0054,-0.5000
191164,CONTROL,DESCENDING,ROI,2.900,-0.1094,0.0648,0.0698,-0.0093,-0.0054,-0.5000
191213,CONTROL,DESCENDING,ROI,2.800,-0.1094,0.0648,0.0698,-0.0093,-0.0054,-0.5000
191263,CONTROL,DESCENDING,ROI,2.800,-0.1094,0.0648,0.0698,-0.0093,-0.0054,-0.5000
191313,CONTROL,DESCENDING,ROI,2.700,-0.1177,0.0611,0.0802,-0.0106,-0.0039,-0.5000
191363,CONTROL,DESCENDING,ROI,2.700,-0.1177,0.0611,0.0802,-0.0106,-0.0039,-0.5000
191413,CONTROL,DESCENDING,ROI,2.700,-0.1177,0.0611,0.0802,-0.0106,-0.0039,-0.5000
191463,CONTROL,DESCENDING,ROI,2.700,-0.1177,0.0611,0.0802,-0.0106,-0.0039,-0.5000
191513,CONTROL,DESCENDING,ROI,2.600,-0.1177,0.0611,0.0802,-0.0106,-0.0039,-0.5000
191563,CONTROL,DESCENDING,ROI,2.600,-0.1365,0.0537,0.0885,-0.0139,-0.0023,-0.5000
191613,CONTROL,DESCENDING,ROI,2.500,-0.1365,0.0537,0.0885,-0.0139,-0.0023,-0.5000
191664,CONTROL,DESCENDING,ROI,2.500,-0.1365,0.0537,0.0885,-0.0139,-0.0023,-0.5000
191713,CONTROL,DESCENDING,ROI,2.400,-0.1365,0.0537,0.0885,-0.0139,-0.0023,-0.5000
191763,CONTROL,DESCENDING,ROI,2.400,-0.1365,0.0537,0.0885,-0.0139,-0.0023,-0.5000
191813,CONTROL,DESCENDING,ROI,2.300,-0.1365,0.0537,0.0885,-0.0118,-0.0019,-0.4250
191865,CONTROL,DESCENDING,ROI,2.300,-0.1521,0.0481,0.1000,-0.0155,0.0000,-0.2500
191913,CONTROL,DESCENDING,ROI,2.200,-0.1521,0.0481,0.1000,-0.0155,0.0000,-0.2500
191964,CONTROL,DESCENDING,ROI,2.200,-0.1521,0.0481,0.1000,-0.0155,0.0000,-0.2500
192013,CONTROL,DESCENDING,ROI,2.200,-0.1521,0.0481,0.1000,-0.0155,0.0000,-0.2500
192064,CONTROL,DESCENDING,ROI,2.200,-0.1521,0.0481,0.1000,-0.0155,0.0000,-0.2500
192113,CONTROL,DESCENDING,ROI,2.100,-0.1552,0.0370,0.1135,-0.0134,0.0000,-0.2500
192163,CONTROL,DESCENDING,ROI,2.100,-0.1552,0.0370,0.1135,-0.0134,0.0000,-0.2500
192213,CONTROL,DESCENDING,ROI,1.900,-0.1552,0.0370,0.1135,-0.0134,0.0000,-0.2500
192264,CONTROL,DESCENDING,ROI,1.900,-0.1552,0.0370,0.1135,-0.0134,0.0000,-0.2500
192313,CONTROL,DESCENDING,ROI,1.900,-0.1552,0.0370,0.1135,-0.0134,0.0000,-0.2500
192364,CONTROL,DESCENDING,ROI,1.900,-0.1479,0.0315,0.1292,-0.0099,0.0000,-0.2500
192414,CONTROL,DESCENDING,ROI,1.800,-0.1479,0.0315,0.1292,-0.0099,0.0000,-0.2500
192464,CONTROL,DESCENDING,ROI,1.800,-0.1479,0.0315,0.1292,-0.0099,0.0000,-0.2500
192514,CONTROL,DESCENDING,ROI,1.700,-0.1479,0.0315,0.1292,-0.0099,0.0000,-0.2500
192564,CONTROL,DESCENDING,ROI,1.700,-0.1479,0.0315,0.1292,-0.0099,0.0000,-0.2500
192613,CONTROL,DESCENDING,ROI,1.700,-0.1479,0.0315,0.1292,-0.0084,0.0000,-0.2125
